date,open,high,low,close,volume
2016-01-01,1481.2,1501.67,1481.2,1493.2,64743
2016-01-04,1490.0,1502.22,1476.0,1486.3,126807
2016-01-05,1488.55,1496.27,1475.15,1483.35,114250
2016-01-06,1476.5,1503.0,1476.5,1500.85,133638
2016-01-07,1495.0,1497.42,1455.52,1473.27,149400
2016-01-08,1473.5,1484.0,1440.95,1451.15,166706
2016-01-11,1445.05,1464.5,1420.57,1459.65,132406
2016-01-12,1460.0,1493.7,1450.5,1470.1,178684
2016-01-13,1470.1,1480.72,1433.27,1452.6,254606
2016-01-14,1444.97,1457.5,1420.55,1448.8,139762
2016-01-15,1454.95,1467.0,1425.25,1429.57,133306
2016-01-18,1425.0,1435.0,1372.8,1382.65,211205
2016-01-19,1375.0,1380.07,1361.52,1366.5,148252
2016-01-20,1359.92,1360.0,1302.5,1339.85,273774
2016-01-21,1358.5,1364.52,1302.67,1309.85,254792
2016-01-22,1325.0,1330.0,1301.2,1307.95,272098
2016-01-25,1316.35,1324.5,1294.37,1301.3,248600
2016-01-27,1306.0,1327.5,1300.45,1324.82,456258
2016-01-28,1335.0,1348.97,1321.77,1335.12,350357
2016-01-29,1342.5,1348.5,1338.5,1344.72,194510
2016-02-01,1355.0,1407.5,1349.62,1400.25,348328
2016-02-02,1401.65,1437.75,1385.55,1396.42,321152
2016-02-03,1390.0,1427.4,1363.27,1414.02,250205
2016-02-04,1424.0,1439.85,1407.5,1428.15,381254
2016-02-05,1428.07,1435.97,1407.5,1431.25,259404
2016-02-08,1432.75,1476.67,1421.92,1427.37,194431
2016-02-09,1421.0,1445.0,1380.0,1391.55,249385
2016-02-10,1420.0,1435.0,1343.85,1361.0,343711
2016-02-11,1350.0,1364.87,1305.55,1317.0,291676
2016-02-12,1325.0,1328.95,1252.52,1282.1,356924
2016-02-15,1302.5,1355.0,1286.0,1332.95,355255
2016-02-16,1327.55,1345.0,1305.25,1312.95,157689
2016-02-17,1322.5,1331.5,1272.6,1326.1,127303
2016-02-18,1334.2,1383.82,1334.2,1376.75,195078
2016-02-19,1381.5,1381.5,1352.77,1362.25,127134
2016-02-22,1354.5,1400.5,1354.5,1399.67,352002
2016-02-23,1397.55,1409.0,1387.5,1401.12,165587
2016-02-24,1401.5,1403.95,1368.3,1376.7,209736
2016-02-25,1377.5,1386.85,1336.12,1342.97,221100
2016-02-26,1346.5,1365.25,1337.05,1356.22,215553
2016-02-29,1361.0,1414.0,1320.0,1378.12,182463
2016-03-01,1378.0,1422.5,1378.0,1420.85,164771
2016-03-02,1425.5,1457.25,1422.15,1431.42,160110
2016-03-03,1439.0,1446.4,1416.0,1420.92,129406
2016-03-04,1432.0,1438.47,1421.0,1427.6,86331
2016-03-08,1425.0,1442.42,1375.0,1409.52,191076
2016-03-09,1404.97,1428.0,1392.5,1418.9,153683
2016-03-10,1415.0,1429.0,1400.0,1417.32,147057
2016-03-11,1420.35,1423.22,1404.5,1408.05,71593
2016-03-14,1416.0,1430.0,1407.5,1411.52,112359
2016-03-15,1400.12,1410.92,1375.47,1379.37,76969
2016-03-16,1370.05,1378.0,1337.07,1360.15,239753
2016-03-17,1370.0,1370.05,1344.0,1348.8,134153
2016-03-18,1349.5,1357.5,1335.12,1342.9,120847
2016-03-21,1345.5,1374.5,1345.5,1367.47,99413
2016-03-22,1368.0,1389.95,1362.5,1375.75,120806
2016-03-23,1377.57,1381.05,1352.65,1362.65,108483
2016-03-28,1372.77,1380.0,1300.62,1312.8,282168
2016-03-29,1307.5,1312.5,1259.52,1291.57,195997
2016-03-30,1309.75,1324.5,1295.07,1319.25,261677
2016-03-31,1312.7,1352.45,1307.75,1343.25,346463
2016-04-01,1330.75,1358.95,1330.75,1339.52,176535
2016-04-04,1350.0,1351.77,1325.0,1329.6,184402
2016-04-05,1325.0,1328.12,1303.57,1320.67,214101
2016-04-06,1320.67,1361.97,1320.67,1353.6,483650
2016-04-07,1355.05,1360.52,1339.55,1350.57,102107
2016-04-08,1345.5,1357.75,1340.55,1343.4,138356
2016-04-11,1348.4,1353.82,1322.5,1328.47,215022
2016-04-12,1342.5,1369.2,1325.1,1352.87,352945
2016-04-13,1354.3,1392.5,1354.3,1380.55,260415
2016-04-18,1385.25,1428.0,1385.25,1425.32,308621
2016-04-20,1422.5,1443.92,1413.75,1422.65,313444
2016-04-21,1423.85,1435.0,1390.0,1393.92,177687
2016-04-22,1396.5,1415.0,1394.37,1411.3,144872
2016-04-25,1406.5,1418.5,1400.0,1408.55,171257
2016-04-26,1410.02,1424.0,1398.1,1418.65,135789
2016-04-27,1415.3,1437.97,1415.3,1430.7,167434
2016-04-28,1437.5,1459.0,1406.0,1412.77,404375
2016-04-29,1413.5,1448.0,1413.0,1431.3,141294
2016-05-02,1428.0,1435.97,1417.5,1429.2,74322
2016-05-03,1430.7,1449.95,1417.5,1423.55,219946
2016-05-04,1423.5,1428.95,1401.97,1408.87,114460
2016-05-05,1408.5,1426.0,1405.05,1410.72,56570
2016-05-06,1414.0,1423.5,1406.0,1408.65,63781
2016-05-09,1419.5,1419.5,1400.0,1406.87,280226
2016-05-10,1407.55,1431.5,1407.55,1410.45,115699
2016-05-11,1405.0,1429.45,1395.47,1423.72,98098
2016-05-12,1433.5,1475.0,1420.0,1468.22,259637
2016-05-13,1467.5,1488.5,1462.8,1477.0,269724
2016-05-16,1482.0,1489.47,1451.6,1467.77,146248
2016-05-17,1471.1,1508.95,1471.1,1502.82,235671
2016-05-18,1501.97,1502.0,1484.0,1485.8,181320
2016-05-19,1489.97,1507.5,1488.05,1497.97,156746
2016-05-20,1504.95,1517.52,1455.0,1465.35,202237
2016-05-23,1425.0,1425.0,1330.5,1341.25,760904
2016-05-24,1341.25,1375.0,1305.0,1327.02,562839
2016-05-25,1330.35,1382.5,1328.75,1375.72,354194
2016-05-26,1378.4,1397.5,1364.02,1372.2,359669
2016-05-27,1379.5,1380.92,1350.55,1359.65,513071
2016-05-30,1360.0,1379.0,1360.0,1373.02,110941
2016-05-31,1374.0,1379.5,1345.47,1353.1,274383
2016-06-01,1370.0,1396.2,1362.6,1382.55,480961
2016-06-02,1384.97,1411.15,1380.27,1399.75,186240
2016-06-03,1400.0,1402.3,1378.02,1381.67,166817
2016-06-06,1382.5,1394.25,1367.57,1386.92,102027
2016-06-07,1388.5,1405.0,1388.5,1397.57,401524
2016-06-08,1390.07,1403.5,1380.02,1385.2,130460
2016-06-09,1385.0,1397.75,1376.02,1380.62,197487
2016-06-10,1387.0,1387.0,1362.02,1364.62,92005
2016-06-13,1358.0,1358.0,1330.0,1339.1,111051
2016-06-14,1338.0,1348.25,1333.75,1340.57,108272
2016-06-15,1349.5,1349.5,1335.62,1341.3,109909
2016-06-16,1340.0,1348.1,1336.02,1343.45,100521
2016-06-17,1345.0,1349.25,1318.4,1319.8,285241
2016-06-20,1312.5,1316.0,1293.75,1311.1,180631
2016-06-21,1297.5,1303.5,1280.15,1282.42,458788
2016-06-22,1284.2,1310.0,1280.55,1306.85,293758
2016-06-23,1309.0,1321.0,1304.65,1312.72,163373
2016-06-24,1290.0,1322.2,1259.55,1316.47,147592
2016-06-27,1317.5,1347.97,1312.65,1341.65,170256
2016-06-28,1343.5,1376.8,1340.02,1374.07,223088
2016-06-29,1374.9,1389.05,1353.37,1385.7,140375
2016-06-30,1389.95,1394.72,1365.5,1379.47,372372
2016-07-01,1376.87,1408.55,1375.77,1404.15,216924
2016-07-04,1419.0,1425.0,1408.17,1420.45,146966
2016-07-05,1417.5,1430.0,1405.0,1418.12,75546
2016-07-07,1415.0,1420.0,1401.0,1404.57,126505
2016-07-08,1404.57,1418.0,1396.2,1402.52,95700
2016-07-11,1409.0,1434.22,1408.8,1429.62,178785
2016-07-12,1437.0,1454.27,1421.87,1428.6,174488
2016-07-13,1434.0,1442.9,1414.95,1433.8,129355
2016-07-14,1445.0,1446.5,1427.47,1429.87,131591
2016-07-15,1430.0,1438.32,1405.6,1410.3,100772
2016-07-18,1418.52,1424.35,1404.47,1408.15,96589
2016-07-19,1410.1,1413.97,1376.67,1380.02,231271
2016-07-20,1387.45,1409.0,1380.0,1404.72,88792
2016-07-21,1407.4,1420.0,1395.0,1407.37,145937
2016-07-22,1408.0,1427.97,1404.0,1425.45,179569
2016-07-25,1425.0,1436.85,1415.15,1425.2,119472
2016-07-26,1425.2,1428.3,1405.5,1411.9,142849
2016-07-27,1424.0,1424.0,1397.5,1406.4,105203
2016-07-28,1407.5,1447.0,1405.1,1432.65,244070
2016-07-29,1422.0,1472.1,1421.55,1466.9,215670
2016-08-01,1473.95,1496.95,1425.5,1441.1,171339
2016-08-02,1453.5,1456.0,1435.85,1440.35,92730
2016-08-03,1449.0,1449.0,1410.02,1415.22,181855
2016-08-04,1425.0,1446.5,1405.97,1440.42,197730
2016-08-05,1440.0,1450.4,1424.47,1442.3,123026
2016-08-08,1441.95,1658.62,1440.05,1576.07,1582123
2016-08-09,1575.0,1586.0,1544.1,1564.22,396296
2016-08-10,1564.5,1565.82,1530.1,1551.67,170822
2016-08-11,1560.0,1638.5,1557.4,1618.45,763245
2016-08-12,1614.95,1657.5,1594.22,1642.55,357031
2016-08-16,1649.05,1670.0,1625.0,1636.02,169085
2016-08-17,1632.5,1679.12,1632.5,1668.35,262308
2016-08-18,1670.0,1685.0,1652.52,1664.77,152396
2016-08-19,1665.0,1685.0,1658.25,1675.22,121619
2016-08-22,1675.0,1696.45,1672.12,1684.62,160043
2016-08-23,1684.0,1689.0,1670.0,1680.67,74202
2016-08-24,1684.5,1742.0,1670.0,1716.47,341848
2016-08-25,1723.5,1749.5,1721.57,1732.15,371339
2016-08-26,1742.35,1742.35,1696.02,1718.85,143907
2016-08-29,1703.0,1724.5,1695.0,1703.17,73915
2016-08-30,1705.0,1736.0,1705.0,1721.6,74605
2016-08-31,1721.1,1742.97,1710.0,1730.27,144795
2016-09-01,1733.0,1733.0,1700.1,1704.67,88727
2016-09-02,1700.5,1718.47,1671.0,1677.47,145660
2016-09-06,1687.5,1732.0,1672.17,1728.55,175362
2016-09-07,1701.0,1751.75,1701.0,1744.47,199582
2016-09-08,1733.5,1744.22,1725.0,1736.05,107919
2016-09-09,1750.0,1750.0,1722.5,1727.52,76868
2016-09-12,1700.0,1724.95,1685.0,1713.97,117660
2016-09-14,1713.5,1775.0,1713.42,1769.95,218764
2016-09-15,1774.97,1792.12,1762.5,1765.8,153247
2016-09-16,1770.0,1781.0,1726.7,1737.75,156301
2016-09-19,1737.75,1743.0,1700.0,1705.8,174082
2016-09-20,1708.0,1725.47,1699.5,1705.25,147744
2016-09-21,1705.5,1722.5,1678.6,1699.05,181719
2016-09-22,1709.5,1717.5,1688.02,1700.47,249683
2016-09-23,1714.45,1730.0,1687.9,1710.55,162504
2016-09-26,1722.5,1724.57,1698.42,1708.52,155740
2016-09-27,1711.05,1728.0,1705.92,1715.62,87324
2016-09-28,1714.9,1728.0,1695.45,1702.1,126163
2016-09-29,1715.0,1717.5,1599.85,1642.77,168170
2016-09-30,1640.0,1693.65,1625.02,1682.0,120206
2016-10-03,1698.92,1761.0,1690.0,1742.77,129680
2016-10-04,1742.0,1742.5,1718.12,1737.67,92818
2016-10-05,1740.0,1753.0,1720.25,1730.25,206313
2016-10-06,1744.95,1748.97,1720.9,1733.5,59465
2016-10-07,1733.5,1737.5,1689.92,1693.32,168780
2016-10-10,1695.0,1705.37,1685.3,1688.4,54748
2016-10-13,1684.5,1684.5,1644.5,1662.72,161322
2016-10-14,1677.0,1677.0,1647.5,1665.37,70676
2016-10-17,1667.65,1667.72,1643.82,1653.2,108441
2016-10-18,1653.25,1660.3,1622.5,1632.3,139269
2016-10-19,1641.95,1675.0,1640.0,1658.45,173746
2016-10-20,1658.5,1677.5,1650.5,1656.57,121382
2016-10-21,1667.5,1672.5,1652.25,1655.35,63515
2016-10-24,1635.15,1664.77,1635.15,1653.95,73215
2016-10-25,1654.2,1661.32,1639.97,1647.67,91094
2016-10-26,1645.0,1654.42,1625.35,1632.9,87960
2016-10-27,1625.0,1634.57,1597.5,1606.05,217025
2016-10-28,1617.0,1664.5,1615.87,1655.97,107954
2016-10-30,1655.97,1664.0,1650.57,1657.85,12617
2016-11-01,1657.5,1670.0,1633.97,1665.27,128594
2016-11-02,1639.0,1656.97,1635.5,1651.3,118002
2016-11-03,1651.3,1662.75,1626.02,1650.75,129160
2016-11-04,1650.0,1690.0,1611.0,1651.0,227573
2016-11-07,1664.5,1674.0,1642.5,1651.27,210916
2016-11-08,1639.0,1650.85,1607.77,1617.77,453378
2016-11-09,1550.0,1595.85,1464.5,1562.1,225840
2016-11-10,1607.5,1620.92,1584.62,1602.07,137274
2016-11-11,1594.92,1594.92,1515.25,1539.67,216039
2016-11-15,1532.0,1532.0,1390.6,1464.67,579245
2016-11-16,1475.0,1530.0,1463.17,1495.5,235149
2016-11-17,1510.0,1510.0,1460.0,1467.52,202752
2016-11-18,1460.5,1462.5,1435.52,1451.3,290700
2016-11-21,1452.5,1464.07,1438.05,1447.15,91182
2016-11-22,1453.05,1460.0,1425.97,1453.02,177238
2016-11-23,1469.5,1488.0,1447.5,1483.87,129498
2016-11-24,1479.0,1494.0,1458.0,1471.27,155070
2016-11-25,1484.97,1487.22,1460.52,1481.0,87882
2016-11-28,1479.97,1495.55,1464.07,1485.25,89016
2016-11-29,1493.5,1519.2,1486.0,1502.72,104156
2016-11-30,1505.0,1536.97,1475.6,1516.45,237369
2016-12-01,1518.02,1531.97,1498.0,1501.67,94489
2016-12-02,1497.4,1507.5,1482.42,1488.4,169703
2016-12-05,1490.0,1541.4,1490.0,1533.2,108580
2016-12-06,1534.8,1537.0,1498.55,1502.22,89657
2016-12-07,1509.0,1522.3,1491.0,1497.37,117622
2016-12-08,1506.5,1534.0,1500.5,1519.37,84693
2016-12-09,1520.95,1531.4,1510.55,1512.67,317721
2016-12-12,1512.75,1514.25,1485.05,1488.52,137358
2016-12-13,1498.92,1498.92,1462.47,1469.32,192044
2016-12-14,1470.0,1484.0,1467.5,1470.82,116887
2016-12-15,1466.0,1477.0,1453.75,1460.1,108279
2016-12-16,1461.62,1469.07,1440.95,1447.65,194080
2016-12-19,1450.0,1457.37,1432.75,1449.8,110005
2016-12-20,1451.0,1454.9,1433.0,1436.05,200544
2016-12-21,1436.05,1449.5,1413.9,1423.85,200871
2016-12-22,1420.0,1424.62,1399.92,1405.32,92589
2016-12-23,1405.02,1420.57,1386.42,1415.6,91370
2016-12-26,1414.95,1415.7,1390.0,1403.65,68000
2016-12-27,1405.12,1428.42,1390.77,1413.42,78676
2016-12-28,1415.0,1444.0,1415.0,1419.8,123554
2016-12-29,1417.5,1449.0,1414.45,1441.57,90143
2016-12-30,1452.5,1461.0,1435.0,1443.15,110334
2017-01-02,1450.55,1450.55,1432.57,1443.22,52245
2017-01-03,1443.5,1445.0,1425.6,1436.12,127593
2017-01-04,1445.0,1445.0,1415.22,1426.2,136679
2017-01-05,1431.0,1437.5,1426.3,1432.9,116334
2017-01-06,1432.5,1457.5,1422.9,1447.47,397718
2017-01-09,1460.0,1461.15,1437.77,1448.95,172178
2017-01-10,1449.5,1451.5,1437.97,1440.4,273058
2017-01-11,1442.5,1492.5,1442.5,1485.05,345861
2017-01-12,1492.47,1497.47,1459.2,1473.9,130051
2017-01-13,1484.5,1492.5,1462.5,1470.0,104329
2017-01-16,1467.5,1489.9,1461.5,1482.87,106505
2017-01-17,1484.35,1510.1,1477.55,1506.77,164751
2017-01-18,1509.0,1549.35,1507.45,1545.77,269613
2017-01-19,1545.5,1577.5,1533.37,1553.97,257575
2017-01-20,1558.95,1567.55,1532.05,1539.15,112993
2017-01-23,1532.6,1557.5,1532.6,1546.55,72041
2017-01-24,1548.15,1575.25,1540.82,1574.17,151846
2017-01-25,1562.5,1574.0,1549.0,1567.45,95008
2017-01-27,1567.0,1581.0,1545.5,1551.47,134715
2017-01-30,1564.0,1575.7,1550.1,1572.85,130271
2017-01-31,1575.0,1575.0,1554.5,1565.22,154940
2017-02-01,1566.85,1624.9,1556.37,1617.37,211287
2017-02-02,1620.0,1627.32,1594.85,1615.5,230894
2017-02-03,1611.55,1636.92,1605.0,1615.42,135664
2017-02-06,1615.42,1647.2,1615.42,1642.5,134152
2017-02-07,1645.0,1645.0,1605.0,1615.3,113826
2017-02-08,1615.42,1633.1,1596.02,1616.5,129082
2017-02-09,1614.15,1627.32,1602.65,1612.97,112759
2017-02-10,1615.5,1635.0,1611.62,1619.67,211103
2017-02-13,1622.5,1648.0,1611.05,1635.85,201954
2017-02-14,1640.0,1640.0,1605.1,1612.22,188420
2017-02-15,1616.5,1621.5,1585.5,1597.17,136342
2017-02-16,1595.0,1619.2,1591.37,1615.37,79944
2017-02-17,1619.55,1627.4,1602.77,1623.87,157429
2017-02-20,1631.0,1633.62,1618.02,1628.45,57135
2017-02-21,1633.35,1637.75,1607.6,1619.52,98066
2017-02-22,1621.0,1632.0,1613.42,1619.35,115265
2017-02-23,1621.02,1639.47,1606.77,1613.5,210424
2017-02-27,1615.5,1634.45,1609.42,1629.55,130537
2017-02-28,1627.55,1629.5,1606.15,1614.7,95954
2017-03-01,1616.0,1629.97,1587.5,1590.5,101905
2017-03-02,1600.0,1608.75,1551.35,1557.07,190960
2017-03-03,1561.5,1572.85,1533.22,1548.37,233042
2017-03-06,1556.0,1558.22,1529.7,1543.0,159500
2017-03-07,1552.5,1552.5,1527.6,1529.57,183626
2017-03-08,1532.5,1554.0,1522.65,1542.7,263476
2017-03-09,1543.0,1549.95,1531.5,1539.3,112214
2017-03-10,1542.55,1565.5,1538.5,1561.25,137490
2017-03-14,1576.9,1595.27,1568.22,1588.37,133633
2017-03-15,1590.02,1600.0,1567.75,1595.12,112104
2017-03-16,1598.5,1619.1,1598.17,1612.52,112687
2017-03-17,1612.5,1627.45,1607.5,1623.77,88403
2017-03-20,1626.2,1632.17,1620.0,1625.87,55472
2017-03-21,1620.0,1660.5,1620.0,1647.17,396452
2017-03-22,1631.0,1672.87,1631.0,1662.87,220078
2017-03-23,1663.5,1677.17,1639.95,1647.87,94164
2017-03-24,1649.57,1660.5,1641.52,1649.07,70642
2017-03-27,1650.0,1665.0,1646.07,1652.05,77175
2017-03-28,1654.85,1683.42,1652.2,1669.77,100546
2017-03-29,1671.65,1707.75,1663.45,1695.7,152285
2017-03-30,1691.0,1711.25,1690.3,1697.57,979257
2017-03-31,1690.0,1716.47,1665.52,1687.0,198473
2017-04-03,1688.5,1711.05,1636.4,1695.85,94308
2017-04-05,1698.5,1700.77,1675.0,1687.95,195676
2017-04-06,1687.95,1697.22,1673.72,1678.57,113256
2017-04-07,1675.0,1688.65,1670.0,1678.72,51704
2017-04-10,1677.5,1712.5,1675.0,1708.42,68269
2017-04-11,1709.85,1726.87,1691.1,1701.4,93869
2017-04-12,1690.0,1730.05,1688.9,1724.5,167440
2017-04-13,1725.0,1726.3,1695.5,1701.9,60999
2017-04-17,1701.72,1702.9,1686.27,1692.65,45551
2017-04-18,1685.32,1708.02,1676.9,1684.25,113302
2017-04-19,1682.52,1723.72,1669.6,1715.62,92994
2017-04-20,1718.45,1720.0,1684.1,1689.67,67261
2017-04-21,1691.05,1703.82,1684.0,1688.27,83775
2017-04-24,1680.0,1697.9,1680.0,1694.07,40315
2017-04-25,1699.0,1744.5,1693.67,1738.72,137458
2017-04-26,1745.0,1799.0,1730.0,1776.7,312937
2017-04-27,1775.0,1804.5,1723.4,1777.52,176133
2017-04-28,1777.52,1819.5,1774.12,1812.27,164858
2017-05-02,1805.0,1822.2,1777.82,1786.97,93731
2017-05-03,1790.07,1815.0,1756.65,1790.25,107101
2017-05-04,1787.47,1810.0,1782.67,1796.05,119681
2017-05-05,1796.05,1799.8,1758.22,1764.67,48124
2017-05-08,1770.97,1781.97,1757.02,1771.47,36456
2017-05-09,1767.0,1801.97,1759.52,1796.47,94431
2017-05-10,1793.5,1860.9,1793.5,1855.65,334682
2017-05-11,1845.0,1872.0,1842.6,1854.17,163452
2017-05-12,1852.5,1867.5,1830.9,1852.12,62309
2017-05-15,1852.0,1899.75,1840.02,1870.77,118393
2017-05-16,1870.77,1887.0,1853.5,1876.42,109624
2017-05-17,1876.0,1876.85,1830.0,1834.8,67562
2017-05-18,1842.8,1842.8,1773.05,1777.72,71006
2017-05-19,1799.92,1835.0,1781.5,1791.35,143736
2017-05-22,1810.95,1848.5,1801.6,1816.72,106318
2017-05-23,1827.5,1841.95,1790.02,1797.1,132716
2017-05-24,1802.5,1807.92,1735.95,1766.65,99686
2017-05-25,1785.0,1785.0,1725.6,1758.9,169440
2017-05-26,1757.0,1772.5,1701.1,1707.92,443050
2017-05-29,1704.2,1730.0,1685.75,1709.2,196170
2017-05-30,1719.85,1725.0,1689.15,1712.72,246655
2017-05-31,1708.5,1774.0,1708.5,1766.32,209500
2017-06-01,1792.5,1805.5,1770.0,1802.95,202808
2017-06-02,1814.95,1832.5,1780.0,1795.8,149771
2017-06-05,1795.8,1857.0,1795.8,1821.65,251302
2017-06-06,1826.85,1836.0,1797.92,1813.67,136038
2017-06-07,1818.8,1837.5,1800.1,1821.8,129708
2017-06-08,1821.8,1829.5,1810.32,1819.65,45391
2017-06-09,1824.0,1849.5,1820.62,1836.5,145415
2017-06-12,1832.5,1853.2,1807.0,1813.32,81208
2017-06-13,1824.37,1824.37,1802.5,1813.05,53018
2017-06-14,1823.0,1823.0,1790.25,1806.77,50245
2017-06-15,1810.0,1815.0,1777.12,1782.4,87880
2017-06-16,1782.4,1789.0,1761.5,1784.47,139835
2017-06-19,1785.0,1811.77,1785.0,1796.12,58925
2017-06-20,1789.42,1809.35,1784.5,1791.9,90804
2017-06-21,1790.0,1845.0,1780.0,1835.15,89140
2017-06-22,1850.0,1850.0,1816.25,1820.87,150785
2017-06-23,1820.87,1833.8,1803.25,1824.75,101713
2017-06-27,1839.3,1839.3,1806.72,1823.77,83695
2017-06-28,1822.5,1837.8,1795.02,1818.07,128578
2017-06-29,1819.22,1848.5,1800.5,1818.6,90710
2017-06-30,1811.1,1855.92,1809.7,1845.02,239851
2017-07-03,1863.0,1873.3,1839.5,1851.87,74453
2017-07-04,1855.05,1883.95,1855.05,1874.02,122781
2017-07-05,1879.5,1884.5,1857.5,1866.72,113021
2017-07-06,1870.0,1875.0,1860.72,1865.7,123203
2017-07-07,1860.05,1860.97,1838.45,1846.17,119710
2017-07-10,1855.22,1864.0,1849.0,1857.97,17107
2017-07-11,1845.3,1867.57,1843.52,1848.52,82155
2017-07-12,1848.5,1862.35,1846.0,1851.07,180201
2017-07-13,1862.0,1881.95,1852.0,1863.8,63901
2017-07-14,1867.35,1867.35,1852.57,1859.6,38966
2017-07-17,1859.97,1866.5,1837.7,1848.85,54354
2017-07-18,1850.0,1879.0,1828.02,1871.47,65531
2017-07-19,1877.35,1919.5,1877.35,1903.1,262599
2017-07-20,1902.5,1917.5,1882.5,1895.55,207949
2017-07-21,1909.5,1922.5,1895.1,1917.02,120408
2017-07-24,1917.55,1934.0,1907.57,1914.72,101992
2017-07-25,1925.0,1926.65,1910.52,1925.25,97708
2017-07-26,1931.0,1931.0,1920.15,1925.3,78143
2017-07-27,1926.0,1959.2,1920.5,1937.95,140368
2017-07-28,1937.0,1964.17,1917.6,1953.32,119482
2017-07-31,1959.8,1978.3,1939.5,1960.8,127968
2017-08-01,1959.9,1979.0,1942.77,1953.75,114470
2017-08-02,1955.0,1964.5,1920.32,1932.05,160769
2017-08-03,1926.2,1945.0,1917.02,1936.97,74679
2017-08-04,1915.0,1968.75,1915.0,1958.7,96920
2017-08-07,1959.4,2105.92,1950.02,2053.9,891341
2017-08-08,2058.0,2070.57,1990.0,2036.17,375176
2017-08-09,2034.5,2037.45,1996.45,2029.45,174011
2017-08-10,2014.0,2116.97,2014.0,2059.6,326587
2017-08-11,2040.37,2078.5,2025.5,2050.97,148713
2017-08-14,2061.67,2103.12,2050.75,2080.0,99328
2017-08-16,2087.5,2155.97,2085.52,2149.97,294698
2017-08-17,2169.5,2169.92,2117.5,2125.25,170706
2017-08-18,2105.52,2141.97,2105.52,2125.72,80306
2017-08-21,2118.1,2138.7,2106.02,2114.9,96344
2017-08-22,2122.5,2129.47,2090.32,2099.42,106183
2017-08-23,2112.85,2133.85,2078.0,2123.57,118712
2017-08-24,2117.5,2137.2,2096.67,2107.05,123419
2017-08-28,2125.0,2129.42,2087.97,2094.15,150029
2017-08-29,2090.5,2109.62,2071.1,2086.3,165131
2017-08-30,2090.0,2131.25,2090.0,2120.67,101234
2017-08-31,2133.85,2136.0,2106.12,2115.47,134547
2017-09-01,2110.0,2130.15,2100.75,2121.97,96172
2017-09-04,2122.5,2129.5,2075.5,2109.82,114767
2017-09-05,2121.0,2135.92,2110.0,2130.3,137103
2017-09-06,2115.0,2128.5,2104.5,2123.92,115639
2017-09-07,2125.5,2147.5,2122.0,2130.55,114924
2017-09-08,2140.5,2175.0,2134.67,2144.12,139346
2017-09-11,2145.0,2165.0,2145.0,2148.65,71094
2017-09-12,2165.0,2169.25,2151.45,2158.6,113421
2017-09-13,2162.5,2180.0,2140.0,2164.97,92788
2017-09-14,2174.5,2174.5,2156.72,2170.32,94563
2017-09-15,2172.5,2190.42,2165.0,2178.5,139797
2017-09-18,2189.95,2204.5,2181.15,2194.22,217716
2017-09-19,2185.12,2197.5,2161.5,2185.1,108932
2017-09-20,2185.0,2193.47,2170.62,2175.52,47068
2017-09-21,2187.0,2187.0,2153.02,2164.05,80286
2017-09-22,2152.45,2172.85,2127.02,2135.15,192809
2017-09-25,2116.3,2159.22,2116.3,2140.55,133944
2017-09-26,2140.65,2170.0,2132.5,2163.0,105618
2017-09-27,2165.95,2178.67,2136.47,2150.87,157927
2017-09-28,2143.5,2187.5,2143.0,2169.85,176417
2017-09-29,2172.5,2178.05,2162.02,2172.12,156179
2017-10-03,2207.5,2207.5,2165.0,2170.02,72907
2017-10-04,2165.0,2199.0,2165.0,2170.92,113760
2017-10-05,2192.5,2192.5,2172.52,2181.82,74107
2017-10-06,2181.75,2185.0,2163.25,2180.92,100973
2017-10-09,2180.92,2196.57,2161.47,2172.25,184082
2017-10-10,2189.5,2195.2,2167.0,2174.3,87459
2017-10-11,2176.0,2199.5,2151.15,2187.97,322795
2017-10-12,2197.45,2289.25,2194.52,2272.22,426061
2017-10-13,2275.0,2328.0,2275.0,2291.1,355914
2017-10-16,2295.07,2308.85,2257.55,2270.05,111373
2017-10-17,2265.0,2320.0,2265.0,2307.65,106307
2017-10-18,2310.5,2362.5,2302.52,2342.92,179088
2017-10-19,2355.0,2362.5,2310.05,2318.12,14699
2017-10-23,2321.35,2373.47,2319.05,2327.6,121350
2017-10-24,2344.0,2344.0,2301.02,2312.92,72527
2017-10-25,2324.5,2329.95,2287.5,2322.12,153517
2017-10-26,2313.27,2331.77,2293.5,2302.32,150389
2017-10-27,2304.45,2327.3,2285.05,2298.67,93708
2017-10-30,2300.0,2383.72,2300.0,2372.95,157502
2017-10-31,2375.0,2385.0,2315.35,2319.75,119015
2017-11-01,2321.0,2372.77,2321.0,2348.62,135628
2017-11-02,2351.07,2361.87,2292.4,2329.32,84051
2017-11-03,2354.45,2354.45,2315.05,2329.05,57783
2017-11-06,2326.1,2350.22,2310.07,2321.52,120003
2017-11-07,2334.0,2371.0,2304.0,2324.5,204177
2017-11-08,2334.5,2343.67,2300.1,2326.75,99325
2017-11-09,2332.5,2399.9,2326.8,2378.97,172913
2017-11-10,2389.5,2458.9,2370.5,2436.5,243606
2017-11-13,2387.5,2463.3,2343.77,2441.15,334186
2017-11-14,2453.5,2457.57,2388.15,2394.17,279340
2017-11-15,2390.0,2412.5,2363.1,2374.87,97511
2017-11-16,2370.0,2408.02,2364.0,2368.35,129273
2017-11-17,2384.5,2414.92,2367.5,2375.02,199018
2017-11-20,2388.5,2399.5,2362.17,2381.6,159181
2017-11-21,2385.0,2421.97,2384.5,2408.45,150773
2017-11-22,2412.5,2418.22,2374.0,2387.57,121364
2017-11-23,2390.72,2405.0,2380.52,2391.17,71530
2017-11-24,2393.02,2397.27,2354.27,2371.0,145893
2017-11-27,2384.5,2411.97,2380.37,2398.45,194320
2017-11-28,2406.0,2426.85,2390.1,2397.35,151111
2017-11-29,2410.0,2415.52,2392.52,2405.57,152996
2017-11-30,2407.0,2441.0,2345.05,2407.8,3134564
2017-12-01,2420.52,2432.5,2382.3,2402.97,165765
2017-12-04,2382.5,2405.37,2375.0,2381.62,66290
2017-12-05,2381.62,2405.3,2367.65,2380.92,100160
2017-12-06,2397.45,2397.45,2357.62,2380.22,78353
2017-12-07,2385.0,2475.0,2382.52,2461.62,139902
2017-12-08,2474.97,2481.95,2418.0,2427.92,116782
2017-12-11,2435.05,2474.5,2418.9,2434.6,101345
2017-12-12,2438.0,2454.5,2413.0,2430.05,65982
2017-12-13,2430.0,2436.5,2397.6,2407.42,73277
2017-12-14,2423.75,2423.75,2330.0,2347.42,179526
2017-12-15,2374.1,2374.1,2340.52,2351.8,127802
2017-12-18,2355.32,2355.32,2299.2,2349.75,186521
2017-12-19,2357.5,2389.72,2339.15,2378.27,274186
2017-12-20,2385.0,2385.0,2357.5,2372.7,131605
2017-12-21,2365.07,2375.0,2353.0,2366.35,86067
2017-12-22,2403.5,2412.47,2367.5,2373.32,284509
2017-12-26,2387.5,2387.5,2363.15,2372.8,71374
2017-12-27,2372.8,2375.0,2361.92,2367.57,94250
2017-12-28,2370.55,2370.57,2328.05,2333.02,197527
2017-12-29,2333.02,2364.47,2333.0,2354.62,131579
2018-01-01,2375.0,2387.0,2357.6,2369.12,56160
2018-01-02,2369.12,2371.12,2322.0,2328.02,88399
2018-01-03,2329.5,2354.97,2328.27,2340.47,83023
2018-01-04,2329.5,2344.45,2305.07,2313.2,167350
2018-01-05,2331.0,2339.75,2307.17,2322.05,132058
2018-01-08,2330.0,2355.5,2313.82,2346.87,88415
2018-01-09,2350.0,2356.67,2312.42,2320.97,122140
2018-01-10,2328.42,2354.5,2315.75,2337.37,194379
2018-01-11,2335.0,2374.5,2316.0,2360.77,111728
2018-01-12,2367.5,2384.5,2330.67,2354.15,128637
2018-01-15,2354.15,2393.0,2352.5,2359.92,88732
2018-01-16,2362.0,2386.5,2300.5,2338.67,168099
2018-01-17,2340.0,2376.5,2320.02,2374.9,102842
2018-01-18,2379.85,2389.4,2303.0,2315.75,177923
2018-01-19,2332.5,2346.4,2315.0,2342.22,65593
2018-01-22,2337.5,2376.0,2335.0,2353.67,80901
2018-01-23,2342.5,2380.27,2324.62,2368.22,100355
2018-01-24,2368.2,2377.57,2340.52,2359.62,80067
2018-01-25,2359.6,2359.6,2300.5,2312.8,398317
2018-01-29,2320.0,2355.0,2303.5,2346.05,110221
2018-01-30,2334.5,2370.02,2320.1,2352.8,129166
2018-01-31,2345.0,2356.2,2323.6,2342.07,71887
2018-02-01,2342.12,2380.85,2327.92,2370.25,148844
2018-02-02,2337.75,2370.0,2288.5,2363.22,187184
2018-02-05,2349.5,2349.5,2280.0,2308.35,177420
2018-02-06,2250.0,2310.25,2200.0,2265.22,137134
2018-02-07,2307.45,2312.5,2246.52,2275.22,128288
2018-02-08,2274.92,2327.0,2257.75,2314.0,99666
2018-02-09,2263.02,2339.9,2263.02,2320.57,120741
2018-02-12,2335.0,2395.0,2335.0,2386.25,214757
2018-02-14,2432.5,2437.9,2373.17,2382.07,349962
2018-02-15,2393.9,2408.17,2350.77,2377.87,82826
2018-02-16,2400.5,2405.0,2368.0,2390.97,82784
2018-02-19,2390.75,2390.75,2347.95,2366.65,44981
2018-02-20,2364.0,2390.0,2362.5,2367.05,132678
2018-02-21,2387.5,2393.45,2369.8,2384.87,123451
2018-02-22,2387.0,2437.5,2375.67,2427.92,212453
2018-02-23,2450.0,2489.5,2437.55,2480.95,152705
2018-02-26,2482.8,2499.0,2472.02,2482.37,112351
2018-02-27,2487.5,2532.9,2455.25,2476.12,213517
2018-02-28,2465.0,2504.65,2448.65,2497.12,90480
2018-03-01,2492.5,2499.97,2460.0,2471.92,52535
2018-03-05,2456.0,2469.72,2445.7,2451.22,78734
2018-03-06,2447.5,2467.45,2393.52,2412.6,78178
2018-03-07,2412.5,2457.5,2390.0,2442.35,126922
2018-03-08,2452.75,2458.75,2411.12,2424.2,134037
2018-03-09,2434.5,2440.0,2412.12,2420.9,188502
2018-03-12,2437.5,2447.5,2410.37,2433.4,73006
2018-03-13,2430.27,2447.5,2416.17,2434.97,109033
2018-03-14,2425.12,2427.5,2403.0,2411.87,104396
2018-03-15,2421.5,2448.0,2406.2,2434.12,303199
2018-03-16,2434.97,2447.5,2420.0,2430.3,151921
2018-03-19,2431.0,2434.97,2401.5,2407.77,111828
2018-03-20,2410.0,2417.5,2403.0,2412.52,161626
2018-03-21,2410.0,2428.0,2410.0,2417.22,202332
2018-03-22,2427.5,2435.0,2410.25,2419.1,88523
2018-03-23,2405.5,2435.0,2395.0,2419.82,136672
2018-03-26,2420.02,2435.0,2419.47,2429.0,96252
2018-03-27,2437.5,2492.87,2431.92,2482.4,242626
2018-03-28,2482.4,2502.0,2452.1,2485.3,263016
2018-04-02,2499.0,2558.85,2487.2,2553.52,145858
2018-04-03,2559.0,2559.5,2522.3,2549.9,107419
2018-04-04,2528.5,2542.4,2495.5,2512.2,134190
2018-04-05,2512.5,2537.35,2505.5,2533.92,102027
2018-04-06,2544.97,2599.97,2525.0,2589.12,136390
2018-04-09,2591.0,2603.5,2568.27,2581.45,62539
2018-04-10,2582.0,2588.75,2530.0,2567.12,74257
2018-04-11,2569.95,2580.67,2553.0,2567.67,43801
2018-04-12,2566.5,2601.5,2555.0,2581.42,111689
2018-04-13,2610.0,2618.07,2579.3,2604.45,146845
2018-04-16,2606.45,2669.0,2592.92,2656.17,95667
2018-04-17,2668.5,2710.22,2657.12,2671.05,196397
2018-04-18,2684.0,2694.2,2660.5,2680.82,64895
2018-04-19,2683.5,2709.62,2673.07,2697.9,64526
2018-04-20,2698.0,2700.47,2649.75,2661.17,44036
2018-04-23,2675.0,2682.4,2652.22,2656.52,90845
2018-04-24,2665.0,2671.55,2625.55,2648.6,58099
2018-04-25,2650.0,2726.25,2638.62,2687.65,95281
2018-04-26,2690.0,2706.02,2672.55,2686.7,92425
2018-04-27,2695.0,2747.92,2689.17,2730.37,88432
2018-04-30,2731.5,2768.22,2730.0,2756.6,64749
2018-05-02,2772.5,2782.75,2704.4,2712.52,72079
2018-05-03,2730.0,2730.0,2660.0,2668.55,76051
2018-05-04,2675.0,2713.62,2650.5,2692.25,112650
2018-05-07,2692.25,2750.02,2692.25,2736.35,75816
2018-05-08,2745.0,2750.0,2691.62,2722.35,53753
2018-05-09,2709.5,2726.27,2694.55,2700.75,62836
2018-05-10,2700.22,2713.07,2672.75,2693.22,100146
2018-05-11,2700.0,2746.2,2700.0,2738.85,62116
2018-05-14,2755.0,2755.0,2706.6,2732.05,40024
2018-05-15,2750.0,2753.85,2708.15,2727.4,138868
2018-05-16,2715.0,2792.5,2667.82,2771.1,239001
2018-05-17,2775.0,2785.0,2720.52,2738.37,133262
2018-05-18,2754.5,2820.0,2740.12,2798.52,153209
2018-05-21,2803.5,2835.5,2739.45,2760.8,111240
2018-05-22,2774.72,2815.0,2760.15,2802.2,111681
2018-05-23,2810.0,2867.5,2800.0,2857.85,194505
2018-05-24,2851.67,2895.95,2841.0,2859.1,131895
2018-05-25,2860.0,2925.0,2853.02,2913.75,117461
2018-05-28,2939.37,2939.37,2896.5,2921.47,68241
2018-05-29,2927.35,2934.0,2889.12,2902.55,84912
2018-05-30,2876.7,2909.77,2868.0,2894.92,110349
2018-05-31,2900.0,3007.9,2880.0,2961.97,310385
2018-06-01,2987.0,2987.0,2897.1,2906.22,122383
2018-06-04,2918.7,2932.02,2855.3,2883.1,117493
2018-06-05,2877.77,2920.0,2877.77,2905.9,73104
2018-06-06,2902.5,2944.5,2902.5,2938.47,68662
2018-06-07,2955.0,3008.5,2944.05,2996.65,122120
2018-06-08,3008.0,3008.0,2944.02,2958.82,88448
2018-06-11,2963.5,2982.12,2950.5,2955.22,69237
2018-06-12,2955.22,2977.5,2930.27,2973.3,45399
2018-06-13,2967.55,3040.0,2967.55,3008.57,99138
2018-06-14,3023.5,3023.5,2985.5,3000.87,76768
2018-06-15,3007.5,3089.72,2997.65,3068.3,179270
2018-06-18,3066.85,3066.85,3029.95,3037.0,117358
2018-06-19,3030.0,3041.47,2961.02,2988.27,95392
2018-06-20,2999.2,3027.75,2985.0,2997.77,129644
2018-06-21,3000.0,3014.97,2975.0,2981.35,75986
2018-06-22,2984.45,2999.0,2947.52,2979.72,92010
2018-06-25,2987.0,3024.95,2980.0,2988.7,64843
2018-06-26,3003.0,3040.9,2981.5,3025.05,112561
2018-06-27,3043.0,3064.5,3024.0,3043.8,136945
2018-06-28,3062.0,3074.0,3027.77,3064.77,128134
2018-06-29,3075.0,3128.97,3056.15,3106.87,157611
2018-07-02,3113.5,3133.97,3085.07,3116.47,80300
2018-07-03,3129.8,3129.8,3093.02,3108.27,93841
2018-07-04,3105.02,3159.55,3105.02,3149.87,98954
2018-07-05,3174.5,3184.5,3147.1,3153.65,72016
2018-07-06,3145.0,3179.75,3140.5,3154.95,117338
2018-07-09,3155.5,3203.57,3150.0,3191.42,61585
2018-07-10,3205.0,3212.52,3185.12,3194.85,91974
2018-07-11,3204.0,3204.47,3154.0,3178.87,147138
2018-07-12,3199.97,3215.6,3161.12,3202.82,143855
2018-07-13,3195.0,3250.0,3195.0,3237.55,110345
2018-07-16,3250.0,3283.5,3249.97,3266.35,86137
2018-07-17,3272.5,3287.1,3207.27,3213.45,108677
2018-07-18,3225.5,3237.52,3155.0,3182.9,107259
2018-07-19,3182.5,3198.2,3141.62,3186.15,98624
2018-07-20,3188.0,3217.35,3155.5,3179.07,96932
2018-07-23,3200.0,3236.2,3182.5,3217.97,84956
2018-07-24,3232.5,3247.5,3199.0,3233.22,79014
2018-07-25,3249.5,3262.0,3215.0,3222.0,54286
2018-07-26,3244.5,3247.27,3207.27,3225.15,107976
2018-07-27,3222.0,3250.0,3185.0,3192.6,69954
2018-07-30,3212.5,3212.5,3102.82,3165.72,193623
2018-07-31,3189.95,3280.0,3145.72,3271.1,172339
2018-08-01,3290.0,3312.5,3212.47,3244.92,153538
2018-08-02,3240.0,3274.5,3219.52,3228.7,116150
2018-08-03,3260.0,3261.0,3184.1,3196.35,172250
2018-08-06,3220.0,3244.0,3132.42,3163.35,599659
2018-08-07,3167.0,3183.27,3085.0,3100.2,349661
2018-08-08,3115.8,3158.5,3108.02,3150.7,191596
2018-08-09,3160.0,3179.27,3140.27,3167.7,130713
2018-08-10,3181.5,3181.5,3140.55,3171.87,109136
2018-08-13,3171.5,3225.5,3156.5,3215.32,162185
2018-08-14,3225.0,3247.2,3212.27,3229.75,168094
2018-08-16,3234.5,3260.0,3213.05,3247.07,147947
2018-08-17,3259.65,3320.22,3239.6,3314.95,201564
2018-08-20,3334.5,3393.4,3325.0,3385.7,144712
2018-08-21,3397.5,3457.1,3355.02,3428.72,220391
2018-08-23,3459.0,3467.17,3415.85,3450.07,162550
2018-08-24,3445.0,3445.0,3382.5,3386.72,137918
2018-08-27,3393.3,3430.0,3390.75,3402.47,65394
2018-08-28,3421.95,3429.22,3409.5,3422.82,77653
2018-08-29,3425.5,3425.5,3363.1,3367.9,94975
2018-08-30,3367.9,3388.0,3282.6,3345.0,150461
2018-08-31,3345.3,3390.0,3325.02,3368.37,109689
2018-09-03,3395.0,3407.47,3266.0,3282.92,85052
2018-09-04,3268.2,3304.32,3149.85,3172.02,204423
2018-09-05,3134.0,3159.87,3025.0,3092.5,373314
2018-09-06,3099.97,3159.47,3060.57,3097.22,0
2018-09-07,3120.45,3137.2,3087.9,3114.55,86779
2018-09-10,3120.0,3122.5,3042.5,3047.0,85586
2018-09-11,3051.3,3055.27,2960.07,2970.02,212047
2018-09-12,2990.0,3030.0,2955.17,3007.75,219558
2018-09-14,3034.5,3075.0,3000.0,3056.15,261343
2018-09-17,3054.0,3054.0,2988.27,3010.87,147524
2018-09-18,3011.25,3077.7,3001.22,3033.2,237839
2018-09-19,3064.0,3064.0,2965.0,2979.95,133237
2018-09-21,2987.55,3002.47,2685.02,2895.37,370746
2018-09-24,2918.75,2918.75,2781.25,2801.0,195731
2018-09-25,2812.5,2905.65,2741.02,2886.92,234101
2018-09-26,2935.0,2937.5,2825.0,2840.95,190517
2018-09-27,2842.5,2883.0,2812.5,2849.9,232482
2018-09-28,2897.0,2945.0,2767.1,2911.75,443009
2018-10-01,2930.0,2940.0,2850.5,2921.77,172996
2018-10-03,2912.0,2917.32,2851.0,2869.7,133506
2018-10-04,2849.0,2849.0,2775.2,2812.67,318749
2018-10-05,2807.5,2807.5,2690.07,2723.85,259162
2018-10-08,2694.5,2784.95,2673.57,2771.75,229770
2018-10-09,2824.0,2839.45,2723.07,2755.62,319083
2018-10-10,2737.5,2875.0,2732.02,2854.25,137220
2018-10-11,2762.5,2831.22,2745.3,2785.1,137391
2018-10-12,2834.72,2894.5,2810.65,2878.75,217736
2018-10-15,2892.0,2892.47,2810.0,2835.8,194475
2018-10-16,2855.72,2885.0,2810.0,2850.25,98159
2018-10-17,2879.5,2888.82,2752.55,2770.52,189478
2018-10-19,2774.0,2797.0,2737.5,2781.75,170777
2018-10-22,2808.5,2811.25,2775.5,2790.07,95343
2018-10-23,2784.5,2800.55,2726.12,2742.27,192201
2018-10-24,2762.75,2792.0,2655.0,2680.07,242295
2018-10-25,2655.0,2704.8,2628.0,2654.65,248108
2018-10-26,2669.72,2694.5,2628.6,2660.25,133717
2018-10-29,2658.9,2724.5,2651.32,2699.12,94078
2018-10-30,2710.0,2733.5,2687.7,2723.95,134636
2018-10-31,2733.5,2833.02,2719.52,2822.05,212100
2018-11-01,2840.0,2858.92,2782.5,2791.52,125930
2018-11-02,2810.5,2862.5,2790.0,2800.5,126788
2018-11-05,2807.0,2865.72,2805.5,2857.25,91500
2018-11-06,2862.25,2899.5,2825.6,2860.62,115086
2018-11-07,2871.12,2910.0,2871.12,2905.22,38903
2018-11-09,2917.0,2944.5,2850.5,2873.22,221124
2018-11-12,2883.75,2911.2,2791.7,2878.77,348845
2018-11-13,2890.0,2920.0,2828.0,2906.27,180903
2018-11-14,2930.0,2931.5,2865.8,2885.37,154593
2018-11-15,2897.0,2914.0,2866.02,2909.07,61253
2018-11-16,2916.5,2995.0,2895.0,2973.82,225943
2018-11-19,2995.0,3012.0,2970.0,2994.77,184068
2018-11-20,2985.0,3002.95,2920.42,2944.35,108251
2018-11-21,2955.0,3012.5,2955.0,3002.32,197972
2018-11-22,3005.0,3030.2,2990.0,3004.35,174523
2018-11-26,3019.0,3029.45,2975.5,3004.02,174104
2018-11-27,3009.95,3040.0,2983.0,3017.52,215434
2018-11-28,3035.0,3035.0,2975.25,2980.87,124414
2018-11-29,3016.0,3045.0,2985.0,3032.35,414182
2018-11-30,3040.9,3197.0,3040.8,3169.75,954568
2018-12-03,3175.0,3188.9,3081.35,3094.5,311813
2018-12-04,3100.2,3128.75,3056.1,3093.1,329006
2018-12-05,3090.0,3109.4,3065.05,3093.0,205221
2018-12-06,3078.9,3078.9,2980.0,2986.35,302116
2018-12-07,2986.35,3013.85,2950.0,3005.35,155500
2018-12-10,2984.95,3000.0,2930.0,2980.65,197626
2018-12-11,2970.0,3009.9,2940.0,2997.2,198219
2018-12-12,3001.8,3074.0,3000.25,3056.5,261560
2018-12-13,3088.0,3157.95,3083.15,3143.2,401085
2018-12-14,3139.7,3171.1,3097.45,3135.75,187229
2018-12-17,3159.75,3170.0,3114.0,3163.2,228526
2018-12-18,3157.0,3183.0,3130.0,3168.7,230834
2018-12-19,3179.9,3245.0,3170.0,3228.85,425672
2018-12-20,3207.7,3234.75,3160.15,3170.85,205790
2018-12-21,3199.0,3200.0,3107.1,3119.8,359201
2018-12-24,3120.5,3157.0,3082.15,3100.55,245822
2018-12-26,3086.4,3114.0,3041.0,3088.95,159442
2018-12-27,3110.0,3124.95,3062.0,3075.4,240314
2018-12-28,3083.0,3114.35,3080.95,3098.5,169577
2018-12-31,3105.15,3120.0,3083.0,3115.4,184698
2019-01-01,3120.0,3128.9,3080.0,3103.05,140863
2019-01-02,3100.0,3131.0,3081.2,3116.85,152324
2019-01-03,3116.85,3177.0,3097.4,3135.9,311498
2019-01-04,3137.95,3159.2,3105.55,3122.7,170818
2019-01-07,3137.1,3155.0,3125.0,3143.8,152966
2019-01-08,3155.0,3155.0,3080.0,3089.55,217274
2019-01-09,3114.0,3119.85,3081.0,3092.65,257227
2019-01-10,3100.0,3100.0,3073.0,3088.95,229690
2019-01-11,3090.0,3116.75,3079.6,3096.85,353709
2019-01-14,3102.0,3124.0,3063.0,3113.65,154975
2019-01-15,3120.15,3199.9,3095.0,3183.9,278642
2019-01-16,3184.0,3204.9,3145.0,3175.75,182044
2019-01-17,3181.0,3212.0,3175.05,3207.1,154540
2019-01-18,3214.85,3217.35,3134.25,3171.35,161433
2019-01-21,3170.0,3198.55,3136.5,3148.4,174710
2019-01-22,3150.0,3174.95,3130.15,3153.65,156085
2019-01-23,3177.0,3229.0,3161.05,3203.85,286992
2019-01-24,3217.0,3225.0,3190.55,3216.85,148520
2019-01-25,3221.0,3270.0,3193.05,3206.65,325166
2019-01-28,3210.5,3222.0,3131.0,3203.45,216799
2019-01-29,3197.0,3197.0,3152.5,3180.05,179979
2019-01-30,3197.0,3222.0,3180.1,3208.8,116521
2019-01-31,3231.95,3231.95,3189.2,3197.7,255273
2019-02-01,3201.0,3286.0,3201.0,3251.0,387188
2019-02-04,3251.35,3280.4,3228.2,3266.0,140277
2019-02-05,3278.0,3316.0,3150.1,3167.05,503959
2019-02-06,3188.5,3199.95,3105.05,3181.4,313476
2019-02-07,3210.0,3230.0,3174.1,3214.1,374133
2019-02-08,3138.5,3210.0,3095.0,3110.0,640983
2019-02-11,3120.0,3132.3,3055.3,3107.55,265355
2019-02-12,3105.0,3107.0,3001.0,3008.6,515301
2019-02-13,3015.0,3034.8,2907.0,2923.4,504157
2019-02-14,2915.0,2949.0,2900.0,2924.6,288540
2019-02-15,2945.0,2945.0,2846.0,2858.35,374811
2019-02-18,2860.0,2939.0,2759.0,2911.7,700981
2019-02-19,2910.2,2975.95,2851.0,2873.55,484180
2019-02-20,2884.0,2930.0,2884.0,2922.3,271061
2019-02-21,2943.95,3018.0,2935.0,3001.6,724297
2019-02-22,3008.0,3057.3,2972.7,3012.8,313430
2019-02-25,3013.2,3077.0,2982.0,3048.2,336072
2019-02-26,3056.0,3092.95,3018.25,3073.5,568492
2019-02-27,3080.0,3108.95,3023.35,3058.6,393442
2019-02-28,3071.0,3098.6,3032.9,3056.9,447041
2019-03-01,3083.0,3090.35,3062.3,3077.25,217420
2019-03-05,3065.2,3100.25,3060.0,3068.85,246280
2019-03-06,3086.95,3086.95,3009.0,3026.85,383038
2019-03-07,3045.0,3069.0,3028.7,3043.85,254411
2019-03-08,3041.0,3079.5,3021.0,3071.2,190651
2019-03-11,3086.0,3139.5,3066.5,3133.45,336189
2019-03-12,3165.9,3178.8,3120.9,3135.15,413123
2019-03-13,3136.0,3150.0,3093.9,3126.95,298030
2019-03-14,3135.0,3170.0,3116.0,3149.4,293230
2019-03-15,3160.0,3169.0,3054.7,3066.55,403251
2019-03-18,3090.0,3134.9,3060.1,3123.35,238905
2019-03-19,3128.0,3138.85,3084.0,3125.4,184380
2019-03-20,3126.8,3135.0,3079.4,3088.1,257001
2019-03-22,3094.0,3117.9,3088.0,3098.6,197654
2019-03-25,3074.75,3099.0,3061.1,3090.75,224948
2019-03-26,3100.0,3132.0,3060.0,3099.15,340645
2019-03-27,3117.0,3117.0,3078.0,3096.9,360838
2019-03-28,3092.0,3118.5,3028.0,3096.55,3470524
2019-03-29,3120.0,3139.0,3045.0,3085.5,595114
2019-04-01,3104.95,3109.0,3044.0,3049.85,497409
2019-04-02,3056.0,3059.6,2980.4,2994.2,378147
2019-04-03,2990.0,3013.5,2955.2,2990.1,439719
2019-04-04,3001.95,3055.0,2984.15,3041.8,464430
2019-04-05,3048.0,3051.05,2985.75,2994.05,387504
2019-04-08,3000.0,3013.95,2964.5,2971.5,293053
2019-04-09,2973.1,2988.75,2942.5,2962.9,350181
2019-04-10,2969.9,2995.0,2951.3,2958.8,377556
2019-04-11,2964.0,2974.05,2940.0,2946.05,276801
2019-04-12,2952.0,2990.0,2944.0,2984.3,261483
2019-04-15,2998.0,3008.0,2972.0,2998.45,221766
2019-04-16,3000.0,3030.0,2998.0,3020.5,258557
2019-04-18,3029.85,3029.85,2988.15,2997.75,155314
2019-04-22,2989.0,3014.0,2971.0,3000.15,150447
2019-04-23,3002.0,3013.95,2986.35,2991.0,138140
2019-04-24,2988.0,2997.55,2952.05,2978.2,222279
2019-04-25,2988.0,2999.0,2962.65,2969.25,163138
2019-04-26,2990.0,2990.0,2955.0,2967.7,121340
2019-04-30,2970.0,2974.9,2876.05,2896.05,458803
2019-05-02,2927.0,2959.95,2772.0,2783.05,1439763
2019-05-03,2782.95,2803.85,2690.0,2696.15,1857697
2019-05-06,2699.0,2699.0,2654.45,2666.0,764919
2019-05-07,2683.0,2720.5,2644.7,2650.55,1182277
2019-05-08,2656.6,2667.1,2615.85,2649.5,723429
2019-05-09,2637.0,2689.8,2637.0,2672.4,457843
2019-05-10,2680.0,2725.0,2673.0,2688.55,471289
2019-05-13,2695.0,2707.6,2668.55,2676.55,332869
2019-05-14,2675.9,2723.0,2658.05,2697.6,403041
2019-05-15,2700.0,2709.95,2660.0,2687.75,322361
2019-05-16,2699.8,2737.0,2677.8,2716.2,307180
2019-05-17,2719.85,2785.1,2710.0,2779.25,533790
2019-05-20,2839.0,2840.0,2781.0,2801.2,442704
2019-05-21,2800.0,2867.4,2794.1,2848.7,490607
2019-05-22,2861.0,2878.0,2817.5,2852.65,393507
2019-05-23,2874.0,2890.0,2827.1,2838.7,262582
2019-05-24,2845.0,2867.0,2808.2,2851.05,227827
2019-05-27,2870.0,2905.0,2858.05,2896.55,267259
2019-05-28,2910.0,2925.0,2880.0,2887.0,441693
2019-05-29,2887.5,2930.0,2871.0,2917.0,248043
2019-05-30,2921.0,2937.05,2874.6,2887.15,225789
2019-05-31,2895.0,2970.0,2889.6,2921.95,577546
2019-06-03,2936.0,3000.0,2935.9,2970.2,535064
2019-06-04,2970.2,2985.0,2951.0,2963.1,211082
2019-06-06,2965.3,2977.95,2881.8,2901.35,333116
2019-06-07,2905.0,2919.3,2860.0,2899.3,285268
2019-06-10,2909.7,3005.0,2909.7,2994.3,477974
2019-06-11,3005.0,3010.0,2970.0,2980.3,282227
2019-06-12,2979.95,3005.0,2960.95,2996.9,203661
2019-06-13,2989.3,2994.6,2952.0,2984.55,213532
2019-06-14,2972.0,2986.15,2954.45,2964.1,117529
2019-06-17,2964.1,2977.9,2891.1,2899.2,234062
2019-06-18,2905.0,2905.0,2860.0,2867.25,302729
2019-06-19,2872.0,2904.5,2850.0,2875.7,258721
2019-06-20,2850.0,2870.85,2796.55,2834.05,425859
2019-06-21,2835.0,2874.45,2805.0,2826.7,363700
2019-06-24,2830.0,2865.0,2771.05,2780.5,369267
2019-06-25,2776.0,2818.35,2753.6,2807.7,304799
2019-06-26,2805.0,2813.45,2700.0,2732.9,1387720
2019-06-27,2740.0,2764.6,2720.0,2725.9,964520
2019-06-28,2735.0,2768.0,2732.0,2743.7,363938
2019-07-01,2750.1,2771.0,2732.0,2737.55,282998
2019-07-02,2741.05,2777.0,2734.3,2769.25,242283
2019-07-03,2779.0,2819.0,2765.45,2794.7,454114
2019-07-04,2790.0,2850.0,2789.0,2841.35,346395
2019-07-05,2858.0,2862.9,2811.9,2824.85,361520
2019-07-08,2829.9,2834.95,2771.05,2781.15,302972
2019-07-09,2770.0,2778.4,2730.15,2762.65,314268
2019-07-10,2762.0,2805.0,2742.9,2769.55,356987
2019-07-11,2780.0,2790.9,2757.0,2765.15,206136
2019-07-12,2763.0,2800.0,2750.75,2780.6,186082
2019-07-15,2795.0,2795.0,2755.0,2773.6,150530
2019-07-16,2770.0,2777.0,2737.6,2747.15,221663
2019-07-17,2753.95,2809.95,2748.0,2797.8,306989
2019-07-18,2800.0,2844.0,2787.55,2820.85,477907
2019-07-19,2836.35,2836.65,2712.1,2749.15,403725
2019-07-22,2755.0,2773.3,2718.0,2734.5,209576
2019-07-23,2739.0,2749.95,2701.0,2730.2,242451
2019-07-24,2729.0,2740.0,2620.05,2641.45,525583
2019-07-25,2635.65,2685.0,2631.1,2671.55,771878
2019-07-26,2665.0,2684.85,2616.55,2668.45,393941
2019-07-29,2661.75,2689.3,2652.6,2672.3,245049
2019-07-30,2675.0,2696.95,2592.5,2617.05,354859
2019-07-31,2621.0,2632.0,2540.3,2605.0,487675
2019-08-01,2590.0,2620.6,2575.05,2600.9,332895
2019-08-02,2588.9,2625.0,2555.0,2594.4,347132
2019-08-05,2585.95,2597.0,2542.85,2578.35,211393
2019-08-06,2563.0,2611.75,2538.3,2550.55,404564
2019-08-07,2551.0,2565.05,2530.0,2540.55,308676
2019-08-08,2558.8,2590.0,2536.85,2577.6,286738
2019-08-09,2590.9,2644.35,2522.3,2588.15,1430286
2019-08-13,2565.0,2565.0,2491.0,2511.9,731080
2019-08-14,2549.7,2549.7,2470.0,2478.9,466208
2019-08-16,2500.0,2505.0,2442.0,2499.45,734216
2019-08-19,2520.0,2520.0,2471.1,2478.4,586547
2019-08-20,2470.0,2470.0,2371.0,2393.5,1174827
2019-08-21,2389.0,2405.0,2300.0,2384.5,1700962
2019-08-22,2393.5,2477.0,2393.0,2440.75,1252406
2019-08-23,2425.4,2502.0,2402.2,2466.65,629497
2019-08-26,2500.0,2547.8,2483.55,2533.85,748623
2019-08-27,2535.35,2724.3,2530.0,2685.9,2211174
2019-08-28,2700.0,2743.25,2672.05,2703.1,1149926
2019-08-29,2703.2,2737.0,2651.5,2676.85,535368
2019-08-30,2690.0,2726.45,2687.5,2701.65,507782
2019-09-03,2699.0,2763.15,2683.1,2707.85,716548
2019-09-04,2710.0,2747.55,2626.0,2635.45,752108
2019-09-05,2651.0,2705.0,2640.0,2678.65,931162
2019-09-06,2695.4,2721.3,2646.2,2668.0,478053
2019-09-09,2669.9,2694.8,2650.2,2682.7,298664
2019-09-11,2696.0,2704.0,2660.0,2666.4,334013
2019-09-12,2666.4,2683.15,2647.65,2677.0,310751
2019-09-13,2681.0,2682.0,2642.0,2674.6,245991
2019-09-16,2660.0,2730.0,2646.1,2715.05,428246
2019-09-17,2720.0,2740.95,2678.8,2692.45,604927
2019-09-18,2668.7,2668.7,2588.2,2613.85,832018
2019-09-19,2618.0,2653.2,2590.0,2621.8,499689
2019-09-20,2633.0,2883.0,2602.55,2867.0,1324910
2019-09-23,2960.0,3583.75,2951.0,3053.65,1743589
2019-09-24,3100.0,3115.0,3055.0,3080.2,809417
2019-09-25,3079.95,3090.3,3001.0,3036.0,582998
2019-09-26,3058.0,3105.0,3050.0,3092.8,514054
2019-09-27,3100.05,3109.7,3005.95,3015.1,432428
2019-09-30,3010.0,3023.95,2930.1,2944.15,553451
2019-10-01,2952.0,2987.4,2900.15,2919.55,474514
2019-10-03,2914.8,2919.0,2850.0,2902.95,285265
2019-10-04,2915.0,2931.35,2835.1,2845.15,313496
2019-10-07,2857.85,2968.75,2851.45,2953.35,969709
2019-10-09,2971.8,3074.65,2926.9,3058.5,1037068
2019-10-10,3060.1,3061.0,3001.0,3037.75,422209
2019-10-11,3048.9,3096.95,3043.3,3081.95,510119
2019-10-14,3093.95,3124.0,3068.95,3109.65,350920
2019-10-15,3129.1,3193.65,3112.35,3181.1,583008
2019-10-16,3185.0,3185.0,3155.0,3176.75,271629
2019-10-17,3176.0,3266.35,3160.0,3247.85,673820
2019-10-18,3227.85,3259.2,3222.55,3252.35,230815
2019-10-22,3220.1,3291.9,3220.1,3248.05,435837
2019-10-23,3260.0,3344.5,3253.0,3294.7,591914
2019-10-24,3312.0,3342.0,3260.25,3283.8,401741
2019-10-25,3298.85,3298.85,3247.0,3267.1,213353
2019-10-27,3292.0,3305.05,3237.35,3259.1,39585
2019-10-29,3273.0,3367.0,3259.0,3352.5,458464
2019-10-30,3373.0,3399.0,3276.0,3290.1,496662
2019-10-31,3298.6,3343.55,3255.0,3266.6,488894
2019-11-01,3295.0,3295.0,3236.7,3268.55,320106
2019-11-04,3290.0,3299.0,3227.0,3239.85,283144
2019-11-05,3255.0,3280.0,3202.3,3231.75,330794
2019-11-06,3239.85,3257.85,3191.0,3227.85,347320
2019-11-07,3249.0,3256.6,3204.9,3223.8,288996
2019-11-08,3228.0,3245.45,3143.0,3158.0,376182
2019-11-11,3157.0,3195.0,3110.0,3119.55,464906
2019-11-13,3271.0,3299.0,3200.0,3269.75,1853222
2019-11-14,3274.9,3274.9,3200.0,3230.8,515326
2019-11-15,3230.2,3260.0,3185.15,3195.55,261412
2019-11-18,3203.0,3217.15,3126.0,3140.9,429862
2019-11-19,3140.9,3158.35,3110.0,3120.35,261351
2019-11-20,3120.0,3135.0,3060.0,3116.3,504339
2019-11-21,3113.0,3113.0,3061.65,3072.65,295648
2019-11-22,3062.25,3072.0,3016.15,3022.65,349622
2019-11-25,3025.5,3045.0,3004.3,3040.6,437144
2019-11-26,3048.0,3083.0,3041.0,3055.25,620959
2019-11-27,3060.0,3100.0,3060.0,3091.1,235618
2019-11-28,3110.4,3110.4,3060.0,3098.25,234706
2019-11-29,3085.0,3095.0,3050.0,3057.7,221117
2019-12-02,3057.7,3089.95,3051.55,3069.7,387666
2019-12-03,3069.7,3116.0,3027.15,3048.3,522267
2019-12-04,3039.9,3067.35,3023.55,3049.25,263755
2019-12-05,3064.4,3094.65,3041.0,3082.9,278358
2019-12-06,3090.05,3098.2,3059.7,3069.6,206989
2019-12-09,3084.8,3084.8,3047.45,3058.4,206624
2019-12-10,3066.05,3079.0,3042.1,3059.35,185130
2019-12-11,3052.1,3064.0,3030.3,3041.0,315341
2019-12-12,3048.6,3080.0,3030.2,3073.55,254614
2019-12-13,3095.0,3096.0,3035.0,3054.4,249099
2019-12-16,3059.9,3087.85,3042.75,3050.9,369764
2019-12-17,3060.0,3075.5,3050.0,3071.95,212811
2019-12-18,3070.0,3121.15,3053.35,3099.2,405982
2019-12-19,3097.9,3123.0,3090.05,3112.75,259885
2019-12-20,3095.0,3155.95,3062.45,3122.25,766343
2019-12-23,3100.0,3129.7,3077.8,3091.8,259919
2019-12-24,3096.0,3114.45,3084.0,3091.05,166800
2019-12-26,3090.0,3118.0,3054.15,3062.3,189043
2019-12-27,3079.0,3082.0,3021.0,3042.1,407653
2019-12-30,3050.0,3065.0,3035.1,3047.35,182858
2019-12-31,3046.0,3066.8,3020.0,3027.8,190885
2020-01-01,3044.7,3053.0,3027.4,3039.65,110561
2020-01-02,3047.0,3065.0,3043.05,3053.4,138428
2020-01-03,3045.0,3060.0,3025.65,3038.8,168305
2020-01-06,3030.0,3032.15,2995.05,3022.05,181158
2020-01-07,3033.9,3054.0,3028.0,3036.6,159307
2020-01-08,3020.0,3038.7,2995.0,3023.6,194024
2020-01-09,3047.2,3049.0,2995.1,3001.1,434270
2020-01-10,3014.95,3015.0,2978.05,2989.75,526254
2020-01-13,2995.0,3056.25,2987.3,3045.1,420792
2020-01-14,3058.0,3119.0,3037.15,3105.15,653300
2020-01-15,3120.0,3133.95,3092.9,3114.2,438959
2020-01-16,3116.0,3160.0,3115.0,3150.25,768872
2020-01-17,3155.0,3169.0,3114.35,3124.45,294064
2020-01-20,3143.0,3143.0,3104.4,3110.45,203111
2020-01-21,3100.0,3130.0,3077.25,3111.25,220943
2020-01-22,3125.5,3138.7,3088.9,3106.35,248578
2020-01-23,3103.85,3122.9,3068.1,3112.95,203032
2020-01-24,3113.15,3212.95,3112.05,3192.5,580192
2020-01-27,3187.0,3210.0,3155.0,3174.2,322446
2020-01-28,3182.9,3209.9,3136.5,3181.25,292577
2020-01-29,3200.0,3245.5,3190.05,3214.2,434882
2020-01-30,3208.95,3234.7,3192.45,3210.7,337850
2020-01-31,3242.7,3274.6,3186.85,3200.7,468850
2020-02-01,3161.0,3220.0,3080.0,3097.6,237502
2020-02-03,3097.6,3249.0,3092.35,3230.05,657504
2020-02-04,3235.0,3300.0,3188.0,3232.5,511585
2020-02-05,3269.8,3318.0,3243.7,3255.95,423733
2020-02-06,3260.35,3293.0,3236.35,3252.2,410631
2020-02-07,3256.0,3296.0,3237.1,3251.4,450061
2020-02-10,3270.0,3280.0,3125.0,3155.6,969115
2020-02-11,3179.95,3198.8,3124.2,3134.7,507516
2020-02-12,3124.2,3209.0,3124.2,3136.8,669153
2020-02-13,3132.0,3143.65,3105.2,3135.2,319421
2020-02-14,3116.0,3159.0,3090.3,3096.65,270506
2020-02-17,3095.0,3112.3,3072.05,3084.1,224912
2020-02-18,3080.0,3080.0,3020.0,3066.45,453173
2020-02-19,3082.1,3111.0,3040.0,3082.25,462922
2020-02-20,3079.8,3123.45,3052.25,3059.4,270720
2020-02-24,3059.0,3065.0,3005.0,3036.2,427352
2020-02-25,3040.0,3078.0,3018.0,3033.55,350415
2020-02-26,3025.1,3069.9,3016.7,3041.35,366302
2020-02-27,3036.95,3100.0,2960.0,3026.05,652385
2020-02-28,2983.0,3020.0,2917.0,2970.2,619510
2020-03-02,2995.0,3053.95,2925.0,2949.1,348147
2020-03-03,2970.0,3045.5,2965.0,3026.5,399770
2020-03-04,3048.0,3080.0,3028.0,3063.05,368498
2020-03-05,3082.6,3165.0,3076.1,3127.15,720100
2020-03-06,3084.9,3100.0,3013.25,3081.4,593374
2020-03-09,3045.0,3061.8,2968.5,2996.5,607257
2020-03-11,2982.2,3065.9,2944.1,3048.3,534597
2020-03-12,2945.0,2968.95,2785.05,2810.65,774263
2020-03-13,2700.0,3049.9,2410.0,2763.6,1108162
2020-03-16,2704.8,2744.65,2602.05,2709.0,791034
2020-03-17,2720.0,2795.75,2669.05,2686.0,567266
2020-03-18,2728.0,2744.95,2480.0,2501.95,649481
2020-03-19,2389.0,2404.0,2260.0,2318.15,786857
2020-03-20,2341.3,2500.9,2294.25,2467.8,742455
2020-03-23,2300.0,2422.4,2100.0,2137.85,613493
2020-03-24,2117.0,2450.0,2111.9,2364.7,929170
2020-03-25,2364.6,2511.6,2317.1,2451.4,1249005
2020-03-26,2471.55,2668.8,2417.3,2588.45,944116
2020-03-27,2690.0,2708.95,2505.0,2529.25,472582
2020-03-30,2465.25,2579.35,2442.75,2473.75,701815
2020-03-31,2579.95,2710.0,2490.0,2688.95,734769
2020-04-01,2700.0,2780.0,2505.0,2564.85,1167150
2020-04-03,2588.95,2610.0,2475.0,2563.25,726903
2020-04-07,2640.15,2878.7,2640.15,2834.5,1062855
2020-04-08,2829.0,2990.0,2759.0,2775.55,1037961
2020-04-09,2850.0,2850.0,2732.9,2801.7,893108
2020-04-13,2800.0,2800.0,2697.35,2706.15,501533
2020-04-15,2772.0,2908.5,2754.7,2837.35,1011691
2020-04-16,2837.5,2893.95,2815.0,2836.8,675907
2020-04-17,2884.0,2895.0,2802.2,2832.15,705271
2020-04-20,2860.1,2864.8,2801.0,2833.0,667917
2020-04-21,2779.9,2906.35,2733.15,2863.25,1129799
2020-04-22,2863.0,2969.7,2827.45,2952.65,737395
2020-04-23,2960.0,3245.0,2918.0,2947.4,3426363
2020-04-24,2980.0,3122.9,2956.0,3062.15,2613797
2020-04-27,3075.85,3290.0,3070.0,3242.05,1993378
2020-04-28,3277.0,3289.85,3160.0,3193.95,1379063
2020-04-29,3187.8,3238.75,3150.0,3156.8,1177520
2020-04-30,3195.0,3205.0,3150.0,3165.75,1021592
2020-05-04,3109.0,3160.0,3056.0,3092.95,591353
2020-05-05,3107.0,3126.0,2970.5,2978.75,905266
2020-05-06,2950.0,3065.0,2907.65,2987.7,995972
2020-05-07,2977.7,2980.0,2867.0,2915.35,994651
2020-05-08,2945.0,3037.0,2923.45,2994.65,1102857
2020-05-11,3029.0,3083.4,2991.85,3053.95,1095855
2020-05-12,3048.95,3123.2,3031.3,3107.3,1329390
2020-05-13,3180.0,3188.0,3057.5,3079.55,850975
2020-05-14,3065.0,3138.0,3031.7,3118.7,777257
2020-05-15,3146.9,3196.0,3115.0,3125.65,870248
2020-05-18,3110.0,3165.0,3098.1,3109.55,730350
2020-05-19,3130.2,3147.9,3086.05,3104.0,537217
2020-05-20,3110.6,3159.0,3106.85,3127.85,439150
2020-05-21,3120.1,3157.0,3099.0,3110.95,574325
2020-05-22,3104.0,3184.2,3080.0,3167.1,630580
2020-05-26,3200.0,3244.0,3141.0,3163.85,718134
2020-05-27,3170.0,3238.95,3141.0,3220.3,739328
2020-05-28,3217.5,3363.25,3189.35,3323.25,1453514
2020-05-29,3289.9,3417.0,3289.9,3378.85,1658714
2020-06-01,3416.0,3470.0,3401.0,3434.85,883460
2020-06-02,3434.9,3480.0,3400.0,3451.0,786444
2020-06-03,3601.0,3708.0,3471.2,3510.3,3415126
2020-06-04,3510.0,3555.0,3422.0,3450.35,1309771
2020-06-05,3475.0,3497.95,3402.2,3466.7,1200548
2020-06-08,3486.0,3513.25,3410.0,3426.8,768759
2020-06-09,3434.9,3469.9,3409.0,3415.7,567611
2020-06-10,3420.9,3447.6,3357.4,3377.0,628261
2020-06-11,3389.9,3403.45,3330.0,3370.35,673105
2020-06-12,3333.0,3443.0,3305.75,3366.05,1373475
2020-06-15,3351.0,3406.5,3343.45,3357.2,609721
2020-06-16,3381.05,3399.95,3330.0,3345.35,701355
2020-06-17,3357.85,3435.0,3355.05,3401.45,1100079
2020-06-18,3415.0,3457.0,3381.55,3404.25,898020
2020-06-19,3417.9,3450.0,3382.0,3438.55,782740
2020-06-22,3450.0,3475.0,3416.0,3421.2,735172
2020-06-23,3429.95,3504.9,3426.3,3467.05,765553
2020-06-24,3487.0,3504.9,3440.0,3446.4,573266
2020-06-25,3424.9,3474.4,3420.0,3450.4,546489
2020-06-26,3457.3,3499.9,3444.3,3456.4,448352
2020-06-29,3452.8,3544.85,3445.8,3519.25,940186
2020-06-30,3542.0,3615.0,3540.0,3603.8,1236537
2020-07-01,3605.0,3611.0,3536.0,3545.95,586225
2020-07-02,3553.0,3567.65,3512.05,3535.1,422319
2020-07-03,3549.5,3579.95,3515.0,3538.35,323231
2020-07-06,3560.0,3646.0,3541.0,3624.45,538078
2020-07-07,3636.0,3685.45,3580.0,3678.45,664348
2020-07-08,3675.55,3712.5,3630.0,3685.0,531417
2020-07-09,3690.0,3699.0,3650.0,3673.6,397351
2020-07-10,3669.6,3753.6,3655.35,3726.65,706136
2020-07-13,3760.0,3835.0,3750.25,3796.8,1108644
2020-07-14,3795.55,3795.95,3729.0,3735.25,399210
2020-07-15,3742.0,3778.3,3711.7,3723.25,506574
2020-07-16,3729.0,3880.25,3689.55,3854.75,987220
2020-07-17,3900.0,3938.0,3766.8,3785.0,4503046
2020-07-20,3859.0,3993.0,3807.2,3982.65,3785159
2020-07-21,3999.0,4010.0,3875.0,3880.4,1880670
2020-07-22,3914.8,3924.4,3791.05,3805.05,1019300
2020-07-23,3825.0,3879.75,3820.0,3827.6,791770
2020-07-24,3824.95,3849.9,3768.0,3818.45,665233
2020-07-27,3845.0,3846.6,3762.4,3777.35,523512
2020-07-28,3780.3,3830.0,3763.35,3774.75,599914
2020-07-29,3797.7,3853.0,3780.0,3794.7,785425
2020-07-30,3818.4,3874.4,3790.5,3805.95,855542
2020-07-31,3811.0,3860.0,3801.1,3823.6,681895
2020-08-03,3827.0,3849.9,3768.1,3776.2,369180
2020-08-04,3800.0,3855.0,3785.0,3817.6,642559
2020-08-05,3839.9,3873.55,3827.95,3849.95,569216
2020-08-06,3865.0,3912.0,3845.0,3857.65,786063
2020-08-07,3865.0,3945.0,3850.0,3934.8,1061884
2020-08-10,3959.95,4005.0,3929.0,3942.8,826722
2020-08-11,3950.0,3970.0,3865.0,3879.55,422055
2020-08-12,3880.55,3885.0,3800.0,3809.75,619436
2020-08-13,3823.8,3857.85,3792.05,3808.25,513264
2020-08-14,3828.0,3840.0,3752.0,3801.35,537499
2020-08-17,3830.0,3895.0,3802.0,3868.65,987819
2020-08-18,3880.0,3940.0,3875.0,3914.3,768897
2020-08-19,3943.65,3949.0,3865.65,3875.4,505661
2020-08-20,3880.0,3910.2,3837.25,3868.1,523854
2020-08-21,3896.0,3912.0,3865.05,3882.75,401007
2020-08-24,3912.0,3926.0,3894.2,3908.35,444407
2020-08-25,3918.0,3929.95,3875.0,3896.85,358587
2020-08-26,3845.0,3857.35,3799.1,3829.25,608530
2020-08-27,3840.0,3853.35,3810.0,3816.6,385945
2020-08-28,3819.0,3827.6,3787.0,3793.85,512488
2020-08-31,3806.4,3811.0,3684.0,3726.05,600226
2020-09-01,3735.0,3787.75,3718.3,3771.0,387446
2020-09-02,3787.9,3813.6,3752.0,3799.2,305952
2020-09-03,3798.0,3808.75,3740.0,3746.85,414160
2020-09-04,3730.0,3809.0,3698.55,3705.85,759852
2020-09-07,3732.9,3750.0,3655.0,3724.05,437318
2020-09-08,3726.9,3762.45,3711.25,3731.6,379275
2020-09-09,3690.0,3749.0,3686.1,3738.3,332884
2020-09-10,3765.5,3765.5,3700.05,3719.25,357927
2020-09-11,3724.0,3828.0,3720.0,3772.25,829715
2020-09-14,3788.9,3796.0,3711.0,3719.5,397741
2020-09-15,3720.05,3766.5,3715.0,3734.1,366110
2020-09-16,3742.0,3860.0,3737.15,3844.5,917526
2020-09-17,3848.0,3890.95,3768.75,3815.65,741010
2020-09-18,3837.7,3839.75,3774.85,3797.5,947698
2020-09-21,3790.0,3795.0,3613.5,3629.3,604282
2020-09-22,3660.0,3678.0,3540.05,3588.0,670648
2020-09-23,3618.9,3652.9,3562.8,3624.9,405856
2020-09-24,3590.0,3655.0,3560.2,3612.75,517316
2020-09-25,3640.0,3716.95,3615.0,3686.4,507368
2020-09-28,3710.9,3778.0,3689.0,3737.35,390640
2020-09-29,3769.0,3796.0,3701.65,3736.85,449330
2020-09-30,3734.0,3825.0,3714.05,3798.15,535771
2020-10-01,3820.0,3827.95,3762.0,3808.6,336322
2020-10-05,3815.0,3857.8,3785.05,3830.45,460889
2020-10-06,3870.0,3879.95,3752.0,3765.85,666856
2020-10-07,3780.0,3838.0,3768.0,3785.95,590795
2020-10-08,3798.9,3825.0,3771.5,3794.7,371495
2020-10-09,3807.0,3818.65,3735.0,3745.1,347685
2020-10-12,3769.1,3774.3,3722.3,3731.5,286506
2020-10-13,3732.0,3786.3,3702.65,3745.65,368886
2020-10-14,3743.0,3801.8,3740.0,3789.8,545911
2020-10-15,3790.0,3835.95,3715.0,3731.0,526411
2020-10-16,3748.95,3779.0,3721.25,3747.2,263967
2020-10-19,3766.0,3795.0,3740.0,3772.45,473267
2020-10-20,3681.0,3694.0,3543.1,3553.15,3187477
2020-10-21,3580.0,3580.0,3382.0,3397.25,3538724
2020-10-22,3410.0,3493.35,3410.0,3458.35,2266246
2020-10-23,3480.0,3502.9,3442.05,3469.75,1022334
2020-10-26,3482.0,3505.55,3466.0,3485.4,893740
2020-10-27,3480.0,3588.0,3480.0,3572.25,1753963
2020-10-28,3572.2,3599.8,3524.95,3541.7,667035
2020-10-29,3538.0,3556.0,3498.0,3532.65,654253
2020-10-30,3540.0,3549.85,3460.65,3473.25,475859
2020-11-02,3483.0,3485.95,3391.15,3420.3,764391
2020-11-03,3445.0,3457.25,3390.0,3403.65,623300
2020-11-04,3423.0,3506.0,3411.9,3470.7,714800
2020-11-05,3512.0,3530.0,3465.45,3499.25,999876
2020-11-06,3510.0,3555.0,3489.65,3513.55,582470
2020-11-09,3548.0,3570.0,3513.55,3548.3,566460
2020-11-10,3572.0,3572.0,3445.85,3508.35,976298
2020-11-11,3509.0,3541.6,3453.05,3492.75,1141508
2020-11-12,3499.7,3525.95,3481.35,3515.3,615256
2020-11-13,3517.0,3541.45,3505.0,3514.45,473523
2020-11-14,3535.0,3536.5,3515.0,3527.35,56492
2020-11-17,3541.0,3550.0,3504.4,3509.8,694643
2020-11-18,3507.8,3521.95,3445.0,3500.35,914389
2020-11-19,3489.0,3549.0,3480.0,3511.35,739067
2020-11-20,3524.95,3577.75,3521.15,3552.1,1197247
2020-11-23,3575.0,3599.0,3552.0,3557.4,952758
2020-11-24,3575.0,3593.0,3531.7,3562.25,752974
2020-11-25,3570.6,3579.85,3531.5,3555.8,385590
2020-11-26,3569.8,3572.9,3490.0,3548.75,741800
2020-11-27,3563.85,3684.9,3503.1,3637.95,5383773
2020-12-01,3702.5,3702.5,3595.55,3629.35,1042234
2020-12-02,3637.0,3648.0,3560.0,3597.0,680870
2020-12-03,3647.0,3653.9,3608.05,3635.95,450558
2020-12-04,3637.0,3672.0,3612.0,3648.2,482933
2020-12-07,3650.0,3670.0,3612.1,3628.95,492080
2020-12-08,3639.4,3654.9,3617.65,3645.4,413743
2020-12-09,3648.9,3666.0,3619.1,3627.1,434686
2020-12-10,3627.1,3747.0,3624.0,3739.75,1443681
2020-12-11,3746.85,3777.0,3701.5,3732.75,695958
2020-12-14,3745.0,3792.0,3737.05,3776.95,685712
2020-12-15,3775.0,3797.7,3725.7,3765.55,648902
2020-12-16,3766.2,3786.0,3745.0,3752.6,466183
2020-12-17,3740.1,3767.0,3721.0,3729.75,488772
2020-12-18,3738.0,3759.8,3690.0,3720.5,1043126
2020-12-21,3719.0,3727.05,3534.85,3624.05,670146
2020-12-22,3620.0,3662.4,3541.1,3630.4,662139
2020-12-23,3641.6,3668.35,3605.25,3625.35,451656
2020-12-24,3655.0,3683.9,3590.05,3618.25,579767
2020-12-28,3635.0,3646.15,3598.0,3603.55,463358
2020-12-29,3614.0,3623.25,3575.1,3593.3,414932
2020-12-30,3602.25,3605.85,3564.0,3583.9,407808
2020-12-31,3580.65,3601.75,3562.1,3576.35,459383
2021-01-01,3575.0,3605.0,3563.05,3567.8,453083
